[
    {
        "question": "What is the famous Mid-Engined Car Honda Developed",
        "choice1": "Civic",
        "choice2": "S2000",
        "choice3": "NSX",
        "choice4": "Prelude",
        "answer": 3
    },
    {
        "question": "What was the Last Ferrari Model that Enzo Approved and Developed",
        "choice1":  "Ferrari F40",
        "choice2":  "Ferrari Testarossa",
        "choice3":  "Ferrari F50",
        "choice4":  "Ferrari Enzo",
        "answer": 1
    },
    {
        "question": "Which First Japanese Manufacturer Won the 24Hr of Le Man with the Car 787B",
        "choice1":  "Mitsubishi",
        "choice2":  "Nissan",
        "choice3":  "Toyota",
        "choice4":  "Mazda",
        "answer": 4
    },
    {
        "question": "What is the Best Selling Roadster of All Time",
        "choice1":  "Porsche Boxster",
        "choice2":  "Mazda MX5",
        "choice3":  "BMW Z4",
        "choice4":  "Mercedes SLC",
        "answer": 2
    },
    {
        "question": "What is the Best Selling Car in Indonesia",
        "choice1":  "Toyota Innova",
        "choice2":  "Nissan Livina",
        "choice3":  "Honda HRV",
        "choice4":  "Toyota Avanza",
        "answer": 4
    },  
    {
        "question": "What is the Unique Engine Used in the Mazda RX7",
        "choice1":  "Wankel Rotary Engine",
        "choice2":  "V6 Engine",
        "choice3":  "Flat 6 Engine",
        "choice4":  "Inline 6 Engine",
        "answer": 1
    },
    {
        "question": "What is the Current Fastest Production Car",
        "choice1":  "Tesla Roadster",
        "choice2":  "Pagani Huayra",
        "choice3":  "Bugatti Chiron Super Sport",
        "choice4":  "Koenigsegg Gemera",
        "answer": 3
    },
    {
        "question": "What is the Best Selling Hybrid Car",
        "choice1":  "Ford Fusion Hybrid",
        "choice2":  "Toyota Prius",
        "choice3":  "Chevrolet Volt",
        "choice4":  "Hyundai Sonata Hybrid",
        "answer": 2
    },
    {
        "question": "What was the WRC winning car driven by Colin McRae ",
        "choice1":  "Subaru Impreza WRX STI",
        "choice2":  "Mitsubishi Lancer Evolution VI",
        "choice3":  "Toyota Celica GT4",
        "choice4":  "Ford Escort RS",
        "answer": 1
    },
    {
        "question": "Which of these Manufacturer has never entered Formula 1",
        "choice1":  "Mercedes",
        "choice2":  "Honda",
        "choice3":  "Renault",
        "choice4":  "Nissan",
        "answer": 4
    }    
]