[
    {
        "question": "What was the Last Console Sega Developed?",
        "choice1": "MegaDrive",
        "choice2": "GameGear",
        "choice3": "Saturn",
        "choice4": "Dreamcast",
        "answer": 4
    },
    {
        "question": "What is the Best Selling Game Console of All Time",
        "choice1":  "Nintendo DS",
        "choice2":  "Playstation 1",
        "choice3":  "Nintendo Wii",
        "choice4":  "Playstation 2",
        "answer": 1
    },
    {
        "question": "At what year did the SNES came out",
        "choice1":  "1989",
        "choice2":  "1990",
        "choice3":  "1991",
        "choice4":  "1992",
        "answer": 3
    },
    {
        "question": "What was the First Video Game Console",
        "choice1":  "Coleco Telstar",
        "choice2":  "Atari 2600",
        "choice3":  "Magnavox Odyssey",
        "choice4":  "Intellivision",
        "answer": 3
    },
    {
        "question": "What Game was Mario first appeared in",
        "choice1":  "Super Mario Bros",
        "choice2":  "Donkey Kong",
        "choice3":  "Mario Bros",
        "choice4":  "PacMan",
        "answer": 2
    },  
    {
        "question": "Who is Sega's Famous Mascot",
        "choice1":  "Segata Sanshiro",
        "choice2":  "Alex the Kidd",
        "choice3":  "Sonic the Hedgehog",
        "choice4":  "Opa-opa",
        "answer": 3
    },
    {
        "question": "What Game started Popularizing Fighting Games",
        "choice1":  "Street Fighter 2",
        "choice2":  "Fatal Fury",
        "choice3":  "Virtua Fighter",
        "choice4":  "Mortal Kombat",
        "answer": 1
    },
    {
        "question": "What Game did Hideo Kojima First Directed",
        "choice1":  "Death Stranding",
        "choice2":  "Metal Gear Solid",
        "choice3":  "Policenauts",
        "choice4":  "Metal Gear",
        "answer": 4
    },
    {
        "question": "What is the best selling Japanese RPG Series",
        "choice1":  "Dragon Quest",
        "choice2":  "Final Fantasy",
        "choice3":  "Kingdom Hearts",
        "choice4":  "Tales of Series",
        "answer": 2
    },
    {
        "question": "What is the first Pokemon Games",
        "choice1":  "Gold/Silver",
        "choice2":  "Diamond/Pearl",
        "choice3":  "Red/Green",
        "choice4":  "Ruby/Sapphire",
        "answer": 3
    }    
]